1,db/sample_image/google.png,1,2000/1/1 0:00,2000/1/1 0:00
2,db/sample_image/google.png,2,2000/1/1 0:00,2000/1/1 0:00
3,db/sample_image/google.png,3,2000/1/1 0:00,2000/1/1 0:00
4,db/sample_image/google.png,4,2000/1/1 0:00,2000/1/1 0:00
5,db/sample_image/google.png,5,2000/1/1 0:00,2000/1/1 0:00
6,db/sample_image/google.png,6,2000/1/1 0:00,2000/1/1 0:00
7,db/sample_image/google.png,7,2000/1/1 0:00,2000/1/1 0:00
8,db/sample_image/google.png,8,2000/1/1 0:00,2000/1/1 0:00
9,db/sample_image/google.png,1,2000/1/1 0:00,2000/1/1 0:00
10,db/sample_image/google.png,1,2000/1/1 0:00,2000/1/1 0:00
11,db/sample_image/google.png,1,2000/1/1 0:00,2000/1/1 0:00
12,db/sample_image/google.png,1,2000/1/1 0:00,2000/1/1 0:00
13,db/sample_image/amazon.jpeg,9,2000/1/1 0:00,2000/1/1 0:00
14,db/sample_image/amazon.jpeg,10,2000/1/1 0:00,2000/1/1 0:00
15,db/sample_image/amazon.jpeg,11,2000/1/1 0:00,2000/1/1 0:00
16,db/sample_image/amazon.jpeg,12,2000/1/1 0:00,2000/1/1 0:00
17,db/sample_image/amazon.jpeg,13,2000/1/1 0:00,2000/1/1 0:00
18,db/sample_image/amazon.jpeg,14,2000/1/1 0:00,2000/1/1 0:00
19,db/sample_image/amazon.jpeg,15,2000/1/1 0:00,2000/1/1 0:00
20,db/sample_image/amazon.jpeg,16,2000/1/1 0:00,2000/1/1 0:00
21,db/sample_image/amazon.jpeg,17,2000/1/1 0:00,2000/1/1 0:00
22,db/sample_image/amazon.jpeg,18,2000/1/1 0:00,2000/1/1 0:00
23,db/sample_image/amazon.jpeg,19,2000/1/1 0:00,2000/1/1 0:00
24,db/sample_image/amazon.jpeg,20,2000/1/1 0:00,2000/1/1 0:00
25,db/sample_image/amazon.jpeg,21,2000/1/1 0:00,2000/1/1 0:00
26,db/sample_image/amazon.jpeg,22,2000/1/1 0:00,2000/1/1 0:00
27,db/sample_image/amazon.jpeg,23,2000/1/1 0:00,2000/1/1 0:00
28,db/sample_image/amazon.jpeg,24,2000/1/1 0:00,2000/1/1 0:00
29,db/sample_image/amazon.jpeg,25,2000/1/1 0:00,2000/1/1 0:00
30,db/sample_image/amazon.jpeg,26,2000/1/1 0:00,2000/1/1 0:00
31,db/sample_image/amazon.jpeg,27,2000/1/1 0:00,2000/1/1 0:00
32,db/sample_image/amazon.jpeg,28,2000/1/1 0:00,2000/1/1 0:00
33,db/sample_image/amazon.jpeg,29,2000/1/1 0:00,2000/1/1 0:00
34,db/sample_image/snakesofa.jpeg,30,2000/1/1 0:00,2000/1/1 0:00
35,db/sample_image/snakesofa.jpeg,31,2000/1/1 0:00,2000/1/1 0:00
36,db/sample_image/snakesofa.jpeg,32,2000/1/1 0:00,2000/1/1 0:00
37,db/sample_image/snakesofa.jpeg,33,2000/1/1 0:00,2000/1/1 0:00
38,db/sample_image/snakesofa.jpeg,34,2000/1/1 0:00,2000/1/1 0:00
39,db/sample_image/snakesofa.jpeg,35,2000/1/1 0:00,2000/1/1 0:00
40,db/sample_image/google.png,36,2000/1/1 0:00,2000/1/1 0:00
41,db/sample_image/google.png,37,2000/1/1 0:00,2000/1/1 0:00
42,db/sample_image/google.png,38,2000/1/1 0:00,2000/1/1 0:00
43,db/sample_image/google.png,39,2000/1/1 0:00,2000/1/1 0:00
44,db/sample_image/google.png,40,2000/1/1 0:00,2000/1/1 0:00
45,db/sample_image/google.png,41,2000/1/1 0:00,2000/1/1 0:00
46,db/sample_image/google.png,42,2000/1/1 0:00,2000/1/1 0:00
47,db/sample_image/google.png,43,2000/1/1 0:00,2000/1/1 0:00
48,db/sample_image/google.png,44,2000/1/1 0:00,2000/1/1 0:00
49,db/sample_image/google.png,45,2000/1/1 0:00,2000/1/1 0:00
50,db/sample_image/google.png,46,2000/1/1 0:00,2000/1/1 0:00
51,db/sample_image/google.png,47,2000/1/1 0:00,2000/1/1 0:00
52,db/sample_image/google.png,48,2000/1/1 0:00,2000/1/1 0:00
53,db/sample_image/google.png,49,2000/1/1 0:00,2000/1/1 0:00
54,db/sample_image/google.png,50,2000/1/1 0:00,2000/1/1 0:00
55,db/sample_image/google.png,51,2000/1/1 0:00,2000/1/1 0:00
56,db/sample_image/google.png,52,2000/1/1 0:00,2000/1/1 0:00
57,db/sample_image/google.png,53,2000/1/1 0:00,2000/1/1 0:00
58,db/sample_image/google.png,54,2000/1/1 0:00,2000/1/1 0:00
59,db/sample_image/google.png,55,2000/1/1 0:00,2000/1/1 0:00
60,db/sample_image/google.png,56,2000/1/1 0:00,2000/1/1 0:00
61,db/sample_image/google.png,57,2000/1/1 0:00,2000/1/1 0:00
62,db/sample_image/google.png,58,2000/1/1 0:00,2000/1/1 0:00
63,db/sample_image/google.png,59,2000/1/1 0:00,2000/1/1 0:00
64,db/sample_image/google.png,60,2000/1/1 0:00,2000/1/1 0:00
65,db/sample_image/google.png,61,2000/1/1 0:00,2000/1/1 0:00
66,db/sample_image/google.png,62,2000/1/1 0:00,2000/1/1 0:00
67,db/sample_image/google.png,63,2000/1/1 0:00,2000/1/1 0:00
68,db/sample_image/google.png,64,2000/1/1 0:00,2000/1/1 0:00
69,db/sample_image/google.png,65,2000/1/1 0:00,2000/1/1 0:00